BMRB_NUM,PDB_ID,RES_NUM,RESNAME,RESNAME_i-1,RESNAME_i-2,RESNAME_i-3,RESNAME_i-4,RESNAME_i-5,RESNAME_i-6,RESNAME_i-7,RESNAME_i-8,RESNAME_i-9,RESNAME_i-10,RESNAME_i-11,RESNAME_i-12,RESNAME_i-13,RESNAME_i-14,RESNAME_i-15,RESNAME_i-16,RESNAME_i-17,RESNAME_i-18,RESNAME_i-19,RESNAME_i-20,RESNAME_i+1,RESNAME_i+2,RESNAME_i+3,RESNAME_i+4,RESNAME_i+5,RESNAME_i+6,RESNAME_i+7,RESNAME_i+8,RESNAME_i+9,RESNAME_i+10,RESNAME_i+11,RESNAME_i+12,RESNAME_i+13,RESNAME_i+14,RESNAME_i+15,RESNAME_i+16,RESNAME_i+17,RESNAME_i+18,RESNAME_i+19,RESNAME_i+20,H,HA,C,CA,CB,N,HB3,HB2,HZ,CZ,HD1,HE1,CD1,CE1,HG2,HB,CG2,CG,HE2,CE,HD2,CD,CD2,HG3,HG13,HG12,HA2,HA3,HG,HD3,HE21,NE2,HE22,HG1,CG1,HD21,ND2,HD22,NE1,HZ2,CZ2,HH2,HZ3,CE3,CH2,CZ3,HE3,HE,CE2,NE,HH11,HH12,HH21,HH22,HH,NZ,HP,HH1,HZ1,NH1,NH2,ND1,OOH,H2A,H3A,H4A,H4B,H5A,H5B,H6A,H6B,H7A,H7B,H8A,H8B,H8C,H28A,H28B,H30A,H30B,H30C,H31A,H31B,H31C,H32A,H36A,H37A,H37B,H38A,H38B,H41A,H42A,H42B,H43A,H43B,H1A,H1B,H2B,HD,HC,HT,HG21,HG22,HG23,C1,H1,HB1,HN,H2,H3B,H_ERR,HA_ERR,C_ERR,CA_ERR,CB_ERR,N_ERR,HB3_ERR,HB2_ERR,HZ_ERR,CZ_ERR,HD1_ERR,HE1_ERR,CD1_ERR,CE1_ERR,HG2_ERR,HB_ERR,CG2_ERR,CG_ERR,HE2_ERR,CE_ERR,HD2_ERR,CD_ERR,CD2_ERR,HG3_ERR,HG13_ERR,HG12_ERR,HA2_ERR,HA3_ERR,HG_ERR,HD3_ERR,HE21_ERR,NE2_ERR,HE22_ERR,HG1_ERR,CG1_ERR,HD21_ERR,ND2_ERR,HD22_ERR,NE1_ERR,HZ2_ERR,CZ2_ERR,HH2_ERR,HZ3_ERR,CE3_ERR,CH2_ERR,CZ3_ERR,HE3_ERR,HE_ERR,CE2_ERR,NE_ERR,HH11_ERR,HH12_ERR,HH21_ERR,HH22_ERR,HH_ERR,NZ_ERR,HP_ERR,HH1_ERR,HZ1_ERR,NH1_ERR,NH2_ERR,ND1_ERR,OOH_ERR,H2A_ERR,H3A_ERR,H4A_ERR,H4B_ERR,H5A_ERR,H5B_ERR,H6A_ERR,H6B_ERR,H7A_ERR,H7B_ERR,H8A_ERR,H8B_ERR,H8C_ERR,H28A_ERR,H28B_ERR,H30A_ERR,H30B_ERR,H30C_ERR,H31A_ERR,H31B_ERR,H31C_ERR,H32A_ERR,H36A_ERR,H37A_ERR,H37B_ERR,H38A_ERR,H38B_ERR,H41A_ERR,H42A_ERR,H42B_ERR,H43A_ERR,H43B_ERR,H1A_ERR,H1B_ERR,H2B_ERR,HD_ERR,HC_ERR,HT_ERR,HG21_ERR,HG22_ERR,HG23_ERR,C1_ERR,H1_ERR,HB1_ERR,HN_ERR,H2_ERR,H3B_ERR
5065,1IBIA,37,GLU,,,,,,,,,,,,,,,,,,,,,LYS,CYS,SER,ARG,CYS,GLY,ASP,SER,VAL,TYR,ALA,ALA,GLU,LYS,VAL,ILE,GLY,ALA,GLY,LYS,,4.24,,55.42,31.5,,1.59,1.8,,,,,,,2.13,,,36.89,,,,,,2.05,,,,,,,,,,,,,,,,,,,,,,,,,,,,,,,,,,,,,,,,,,,,,,,,,,,,,,,,,,,,,,,,,,,,,,,,,,,,,,,,,,,,,,,,0.03,,0.5,0.5,,0.03,0.03,,,,,,,0.03,,,0.5,,,,,,0.03,,,,,,,,,,,,,,,,,,,,,,,,,,,,,,,,,,,,,,,,,,,,,,,,,,,,,,,,,,,,,,,,,,,,,,,,,,,,,,,,,,,,,,
5065,1IBIA,38,LYS,GLU,,,,,,,,,,,,,,,,,,,,CYS,SER,ARG,CYS,GLY,ASP,SER,VAL,TYR,ALA,ALA,GLU,LYS,VAL,ILE,GLY,ALA,GLY,LYS,PRO,8.27,4.23,,53.86,,120.08,1.3,1.46,,,,,,,1.5,,,24.16,2.94,41.98,1.5,28.18,,1.22,,,,,,1.5,,,,,,,,,,,,,,,,,2.94,,,,,,,,,,,,,,,,,,,,,,,,,,,,,,,,,,,,,,,,,,,,,,,,,,,,,,,,,,,,,,,,0.03,0.03,,0.5,,0.25,0.03,0.03,,,,,,,0.03,,,0.5,0.03,0.5,0.03,0.5,,0.03,,,,,,0.03,,,,,,,,,,,,,,,,,0.03,,,,,,,,,,,,,,,,,,,,,,,,,,,,,,,,,,,,,,,,,,,,,,,,,,,,,,,,,,,,,,,
5065,1IBIA,39,CYS,LYS,GLU,,,,,,,,,,,,,,,,,,,SER,ARG,CYS,GLY,ASP,SER,VAL,TYR,ALA,ALA,GLU,LYS,VAL,ILE,GLY,ALA,GLY,LYS,PRO,TRP,8.33,3.6,,,,,2.05,3.32,,,,,,,,,,,,,,,,,,,,,,,,,,,,,,,,,,,,,,,,,,,,,,,,,,,,,,,,,,,,,,,,,,,,,,,,,,,,,,,,,,,,,,,,,,,,,,,,,,,,,,,0.03,0.03,,,,,0.03,0.03,,,,,,,,,,,,,,,,,,,,,,,,,,,,,,,,,,,,,,,,,,,,,,,,,,,,,,,,,,,,,,,,,,,,,,,,,,,,,,,,,,,,,,,,,,,,,,,,,,,,,,
5065,1IBIA,40,SER,CYS,LYS,GLU,,,,,,,,,,,,,,,,,,ARG,CYS,GLY,ASP,SER,VAL,TYR,ALA,ALA,GLU,LYS,VAL,ILE,GLY,ALA,GLY,LYS,PRO,TRP,HIS,8.09,3.84,172.02,61.18,61.76,,1.62,2.81,,,,,,,,,,,,,,,,,,,,,,,,,,,,,,,,,,,,,,,,,,,,,,,,,,,,,,,,,,,,,,,,,,,,,,,,,,,,,,,,,,,,,,,,,,,,,,,,,,,,,,,0.03,0.03,0.5,0.5,0.5,,0.03,0.03,,,,,,,,,,,,,,,,,,,,,,,,,,,,,,,,,,,,,,,,,,,,,,,,,,,,,,,,,,,,,,,,,,,,,,,,,,,,,,,,,,,,,,,,,,,,,,,,,,,,,,
5065,1IBIA,41,ARG,SER,CYS,LYS,GLU,,,,,,,,,,,,,,,,,CYS,GLY,ASP,SER,VAL,TYR,ALA,ALA,GLU,LYS,VAL,ILE,GLY,ALA,GLY,LYS,PRO,TRP,HIS,LYS,8.97,4.78,175.68,56.1,29.82,122.66,2.38,2.62,,,,,,,2.25,,,24.92,,,3.51,40.46,,1.63,,,,,,3.51,,,,,,,,,,,,,,,,,,,,,,,,,,,,,,,,,,,,,,,,,,,,,,,,,,,,,,,,,,,,,,,,,,,,,,,,,,,,,,,,,0.03,0.03,0.5,0.5,0.5,0.25,0.03,0.03,,,,,,,0.03,,,0.5,,,0.03,0.5,,0.03,,,,,,0.03,,,,,,,,,,,,,,,,,,,,,,,,,,,,,,,,,,,,,,,,,,,,,,,,,,,,,,,,,,,,,,,,,,,,,,,,,,,,,,,,
5065,1IBIA,42,CYS,ARG,SER,CYS,LYS,GLU,,,,,,,,,,,,,,,,GLY,ASP,SER,VAL,TYR,ALA,ALA,GLU,LYS,VAL,ILE,GLY,ALA,GLY,LYS,PRO,TRP,HIS,LYS,ASN,7.99,4.94,176.19,58.61,31.9,115.2,3.02,3.4,,,,,,,,,,,,,,,,,,,,,,,,,,,,,,,,,,,,,,,,,,,,,,,,,,,,,,,,,,,,,,,,,,,,,,,,,,,,,,,,,,,,,,,,,,,,,,,,,,,,,,,0.03,0.03,0.5,0.5,0.5,0.25,0.03,0.03,,,,,,,,,,,,,,,,,,,,,,,,,,,,,,,,,,,,,,,,,,,,,,,,,,,,,,,,,,,,,,,,,,,,,,,,,,,,,,,,,,,,,,,,,,,,,,,,,,,,,,
5065,1IBIA,43,GLY,CYS,ARG,SER,CYS,LYS,GLU,,,,,,,,,,,,,,,ASP,SER,VAL,TYR,ALA,ALA,GLU,LYS,VAL,ILE,GLY,ALA,GLY,LYS,PRO,TRP,HIS,LYS,ASN,CYS,7.73,,172.2,46.03,,111.51,,,,,,,,,,,,,,,,,,,,,4.22,3.74,,,,,,,,,,,,,,,,,,,,,,,,,,,,,,,,,,,,,,,,,,,,,,,,,,,,,,,,,,,,,,,,,,,,,,,,,,,,,,,,,,,0.03,,0.5,0.5,,0.25,,,,,,,,,,,,,,,,,,,,,0.03,0.03,,,,,,,,,,,,,,,,,,,,,,,,,,,,,,,,,,,,,,,,,,,,,,,,,,,,,,,,,,,,,,,,,,,,,,,,,,,,,,,,,,
5065,1IBIA,44,ASP,GLY,CYS,ARG,SER,CYS,LYS,GLU,,,,,,,,,,,,,,SER,VAL,TYR,ALA,ALA,GLU,LYS,VAL,ILE,GLY,ALA,GLY,LYS,PRO,TRP,HIS,LYS,ASN,CYS,PHE,8.43,5.12,175.94,52.81,42.42,121.77,2.9,2.99,,,,,,,,,,,,,,,,,,,,,,,,,,,,,,,,,,,,,,,,,,,,,,,,,,,,,,,,,,,,,,,,,,,,,,,,,,,,,,,,,,,,,,,,,,,,,,,,,,,,,,,0.03,0.03,0.5,0.5,0.5,0.25,0.03,0.03,,,,,,,,,,,,,,,,,,,,,,,,,,,,,,,,,,,,,,,,,,,,,,,,,,,,,,,,,,,,,,,,,,,,,,,,,,,,,,,,,,,,,,,,,,,,,,,,,,,,,,
5065,1IBIA,45,SER,ASP,GLY,CYS,ARG,SER,CYS,LYS,GLU,,,,,,,,,,,,,VAL,TYR,ALA,ALA,GLU,LYS,VAL,ILE,GLY,ALA,GLY,LYS,PRO,TRP,HIS,LYS,ASN,CYS,PHE,ARG,8.75,4.38,172.88,59.69,,116.26,3.42,3.64,,,,,,,,,,,,,,,,,,,,,,,,,,,,,,,,,,,,,,,,,,,,,,,,,,,,,,,,,,,,,,,,,,,,,,,,,,,,,,,,,,,,,,,,,,,,,,,,,,,,,,,0.03,0.03,0.5,0.5,,0.25,0.03,0.03,,,,,,,,,,,,,,,,,,,,,,,,,,,,,,,,,,,,,,,,,,,,,,,,,,,,,,,,,,,,,,,,,,,,,,,,,,,,,,,,,,,,,,,,,,,,,,,,,,,,,,
5065,1IBIA,46,VAL,SER,ASP,GLY,CYS,ARG,SER,CYS,LYS,GLU,,,,,,,,,,,,TYR,ALA,ALA,GLU,LYS,VAL,ILE,GLY,ALA,GLY,LYS,PRO,TRP,HIS,LYS,ASN,CYS,PHE,ARG,CYS,8.65,4.31,173.07,58.59,33.83,,,,,,,,,,0.42,0.92,21.35,,,,,,,,,,,,,,,,,0.42,19.2,,,,,,,,,,,,,,,,,,,,,,,,,,,,,,,,,,,,,,,,,,,,,,,,,,,,,,,,,,,,,,,,,,,,,,,,,,,,0.03,0.03,0.5,0.5,0.5,,,,,,,,,,0.03,0.03,0.5,,,,,,,,,,,,,,,,,0.03,0.5,,,,,,,,,,,,,,,,,,,,,,,,,,,,,,,,,,,,,,,,,,,,,,,,,,,,,,,,,,,,,,,,,,,,,,,,,,,
5065,1IBIA,47,TYR,VAL,SER,ASP,GLY,CYS,ARG,SER,CYS,LYS,GLU,,,,,,,,,,,ALA,ALA,GLU,LYS,VAL,ILE,GLY,ALA,GLY,LYS,PRO,TRP,HIS,LYS,ASN,CYS,PHE,ARG,CYS,ALA,8.97,4.62,176.26,57.21,,128.2,2.88,3.32,,,7.23,6.82,132.99,118.06,,,,,6.82,,7.23,,132.99,,,,,,,,,,,,,,,,,,,,,,,,,,118.06,,,,,,,,,,,,,,,,,,,,,,,,,,,,,,,,,,,,,,,,,,,,,,,,,,,,,,,,,,,,,,0.03,0.03,0.5,0.5,,0.25,0.03,0.03,,,0.03,0.03,0.5,0.5,,,,,0.03,,0.03,,0.5,,,,,,,,,,,,,,,,,,,,,,,,,,0.5,,,,,,,,,,,,,,,,,,,,,,,,,,,,,,,,,,,,,,,,,,,,,,,,,,,,,,,,,,,,,
5065,1IBIA,48,ALA,TYR,VAL,SER,ASP,GLY,CYS,ARG,SER,CYS,LYS,GLU,,,,,,,,,,ALA,GLU,LYS,VAL,ILE,GLY,ALA,GLY,LYS,PRO,TRP,HIS,LYS,ASN,CYS,PHE,ARG,CYS,ALA,LYS,8.58,3.87,179.33,56.05,18.6,122.52,,,,,,,,,,1.5,,,,,,,,,,,,,,,,,,,,,,,,,,,,,,,,,,,,,,,,,,,,,,,,,,,,,,,,,,,,,,,,,,,,,,,,,,,,,,,,,,,,,,,,,,,,,,,0.03,0.03,0.5,0.5,0.5,0.25,,,,,,,,,,0.03,,,,,,,,,,,,,,,,,,,,,,,,,,,,,,,,,,,,,,,,,,,,,,,,,,,,,,,,,,,,,,,,,,,,,,,,,,,,,,,,,,,,,,,,,,,,,,
5065,1IBIA,49,ALA,ALA,TYR,VAL,SER,ASP,GLY,CYS,ARG,SER,CYS,LYS,GLU,,,,,,,,,GLU,LYS,VAL,ILE,GLY,ALA,GLY,LYS,PRO,TRP,HIS,LYS,ASN,CYS,PHE,ARG,CYS,ALA,LYS,CYS,8.43,4.21,177.87,54.11,18.52,116.48,,,,,,,,,,1.49,,,,,,,,,,,,,,,,,,,,,,,,,,,,,,,,,,,,,,,,,,,,,,,,,,,,,,,,,,,,,,,,,,,,,,,,,,,,,,,,,,,,,,,,,,,,,,,0.03,0.03,0.5,0.5,0.5,0.25,,,,,,,,,,0.03,,,,,,,,,,,,,,,,,,,,,,,,,,,,,,,,,,,,,,,,,,,,,,,,,,,,,,,,,,,,,,,,,,,,,,,,,,,,,,,,,,,,,,,,,,,,,,
5065,1IBIA,50,GLU,ALA,ALA,TYR,VAL,SER,ASP,GLY,CYS,ARG,SER,CYS,LYS,GLU,,,,,,,,LYS,VAL,ILE,GLY,ALA,GLY,LYS,PRO,TRP,HIS,LYS,ASN,CYS,PHE,ARG,CYS,ALA,LYS,CYS,GLY,7.67,4.58,174.05,55.19,30.96,113.75,2.3,2.55,,,,,,,2.44,,,36.54,,,,,,2.38,,,,,,,,,,,,,,,,,,,,,,,,,,,,,,,,,,,,,,,,,,,,,,,,,,,,,,,,,,,,,,,,,,,,,,,,,,,,,,,,,,,,,,,0.03,0.03,0.5,0.5,0.5,0.25,0.03,0.03,,,,,,,0.03,,,0.5,,,,,,0.03,,,,,,,,,,,,,,,,,,,,,,,,,,,,,,,,,,,,,,,,,,,,,,,,,,,,,,,,,,,,,,,,,,,,,,,,,,,,,,,,,,,,,,
5065,1IBIA,51,LYS,GLU,ALA,ALA,TYR,VAL,SER,ASP,GLY,CYS,ARG,SER,CYS,LYS,GLU,,,,,,,VAL,ILE,GLY,ALA,GLY,LYS,PRO,TRP,HIS,LYS,ASN,CYS,PHE,ARG,CYS,ALA,LYS,CYS,GLY,LYS,7.13,4.37,175.19,56.89,33.89,120.58,1.56,1.77,,,,,,,1.1,,,24.49,2.75,41.21,1.55,29.38,,1.1,,,,,,1.46,,,,,,,,,,,,,,,,,2.65,,,,,,,,,,,,,,,,,,,,,,,,,,,,,,,,,,,,,,,,,,,,,,,,,,,,,,,,,,,,,,,,0.03,0.03,0.5,0.5,0.5,0.25,0.03,0.03,,,,,,,0.03,,,0.5,0.03,0.5,0.03,0.5,,0.03,,,,,,0.03,,,,,,,,,,,,,,,,,0.03,,,,,,,,,,,,,,,,,,,,,,,,,,,,,,,,,,,,,,,,,,,,,,,,,,,,,,,,,,,,,,,
5065,1IBIA,52,VAL,LYS,GLU,ALA,ALA,TYR,VAL,SER,ASP,GLY,CYS,ARG,SER,CYS,LYS,GLU,,,,,,ILE,GLY,ALA,GLY,LYS,PRO,TRP,HIS,LYS,ASN,CYS,PHE,ARG,CYS,ALA,LYS,CYS,GLY,LYS,SER,8.97,4.29,172.77,59.94,34.88,124.49,,,,,,,,,0.44,1.55,20.14,,,,,,,,,,,,,,,,,0.33,20.24,,,,,,,,,,,,,,,,,,,,,,,,,,,,,,,,,,,,,,,,,,,,,,,,,,,,,,,,,,,,,,,,,,,,,,,,,,,,0.03,0.03,0.5,0.5,0.5,0.25,,,,,,,,,0.03,0.03,0.5,,,,,,,,,,,,,,,,,0.03,0.5,,,,,,,,,,,,,,,,,,,,,,,,,,,,,,,,,,,,,,,,,,,,,,,,,,,,,,,,,,,,,,,,,,,,,,,,,,,
5065,1IBIA,53,ILE,VAL,LYS,GLU,ALA,ALA,TYR,VAL,SER,ASP,GLY,CYS,ARG,SER,CYS,LYS,GLU,,,,,GLY,ALA,GLY,LYS,PRO,TRP,HIS,LYS,ASN,CYS,PHE,ARG,CYS,ALA,LYS,CYS,GLY,LYS,SER,LEU,8.16,5.0,176.01,58.19,,123.96,,,,,0.65,,10.83,,0.73,1.78,16.59,,,,,,,,1.16,1.35,,,,,,,,,26.67,,,,,,,,,,,,,,,,,,,,,,,,,,,,,,,,,,,,,,,,,,,,,,,,,,,,,,,,,,,,,,,,,,,,,,,,,,,,0.03,0.03,0.5,0.5,,0.25,,,,,0.03,,0.5,,0.03,0.03,0.5,,,,,,,,0.03,0.03,,,,,,,,,0.5,,,,,,,,,,,,,,,,,,,,,,,,,,,,,,,,,,,,,,,,,,,,,,,,,,,,,,,,,,,,,,,,,,,,,,,,,,,
5065,1IBIA,54,GLY,ILE,VAL,LYS,GLU,ALA,ALA,TYR,VAL,SER,ASP,GLY,CYS,ARG,SER,CYS,LYS,GLU,,,,ALA,GLY,LYS,PRO,TRP,HIS,LYS,ASN,CYS,PHE,ARG,CYS,ALA,LYS,CYS,GLY,LYS,SER,LEU,GLU,9.01,,172.94,45.17,,111.74,,,,,,,,,,,,,,,,,,,,,,,,,,,,,,,,,,,,,,,,,,,,,,,,,,,,,,,,,,,,,,,,,,,,,,,,,,,,,,,,,,,,,,,,,,,,,,,,,,,,,,,,,0.03,,0.5,0.5,,0.25,,,,,,,,,,,,,,,,,,,,,,,,,,,,,,,,,,,,,,,,,,,,,,,,,,,,,,,,,,,,,,,,,,,,,,,,,,,,,,,,,,,,,,,,,,,,,,,,,,,,,,,,
5065,1IBIA,55,ALA,GLY,ILE,VAL,LYS,GLU,ALA,ALA,TYR,VAL,SER,ASP,GLY,CYS,ARG,SER,CYS,LYS,GLU,,,GLY,LYS,PRO,TRP,HIS,LYS,ASN,CYS,PHE,ARG,CYS,ALA,LYS,CYS,GLY,LYS,SER,LEU,GLU,SER,9.79,4.13,176.4,52.84,16.78,128.7,,,,,,,,,,1.49,,,,,,,,,,,,,,,,,,,,,,,,,,,,,,,,,,,,,,,,,,,,,,,,,,,,,,,,,,,,,,,,,,,,,,,,,,,,,,,,,,,,,,,,,,,,,,,0.03,0.03,0.5,0.5,0.5,0.25,,,,,,,,,,0.03,,,,,,,,,,,,,,,,,,,,,,,,,,,,,,,,,,,,,,,,,,,,,,,,,,,,,,,,,,,,,,,,,,,,,,,,,,,,,,,,,,,,,,,,,,,,,,
5065,1IBIA,56,GLY,ALA,GLY,ILE,VAL,LYS,GLU,ALA,ALA,TYR,VAL,SER,ASP,GLY,CYS,ARG,SER,CYS,LYS,GLU,,LYS,PRO,TRP,HIS,LYS,ASN,CYS,PHE,ARG,CYS,ALA,LYS,CYS,GLY,LYS,SER,LEU,GLU,SER,THR,8.67,,173.29,44.86,,102.16,,,,,,,,,,,,,,,,,,,,,4.06,3.59,,,,,,,,,,,,,,,,,,,,,,,,,,,,,,,,,,,,,,,,,,,,,,,,,,,,,,,,,,,,,,,,,,,,,,,,,,,,,,,,,,,0.03,,0.5,0.5,,0.25,,,,,,,,,,,,,,,,,,,,,0.03,0.03,,,,,,,,,,,,,,,,,,,,,,,,,,,,,,,,,,,,,,,,,,,,,,,,,,,,,,,,,,,,,,,,,,,,,,,,,,,,,,,,,,
5065,1IBIA,57,LYS,GLY,ALA,GLY,ILE,VAL,LYS,GLU,ALA,ALA,TYR,VAL,SER,ASP,GLY,CYS,ARG,SER,CYS,LYS,GLU,PRO,TRP,HIS,LYS,ASN,CYS,PHE,ARG,CYS,ALA,LYS,CYS,GLY,LYS,SER,LEU,GLU,SER,THR,THR,8.01,,177.06,52.13,,122.95,,,,,,,,,,,,,,,,,,,,,,,,,,,,,,,,,,,,,,,,,,,,,,,,,,,,,,,,,,,,,,,,,,,,,,,,,,,,,,,,,,,,,,,,,,,,,,,,,,,,,,,,,0.03,,0.5,0.5,,0.25,,,,,,,,,,,,,,,,,,,,,,,,,,,,,,,,,,,,,,,,,,,,,,,,,,,,,,,,,,,,,,,,,,,,,,,,,,,,,,,,,,,,,,,,,,,,,,,,,,,,,,,,
5065,1IBIA,58,PRO,LYS,GLY,ALA,GLY,ILE,VAL,LYS,GLU,ALA,ALA,TYR,VAL,SER,ASP,GLY,CYS,ARG,SER,CYS,LYS,TRP,HIS,LYS,ASN,CYS,PHE,ARG,CYS,ALA,LYS,CYS,GLY,LYS,SER,LEU,GLU,SER,THR,THR,LEU,,5.08,176.33,61.47,32.86,,1.29,1.8,,,,,,,2.12,,,25.88,,,3.59,49.63,,1.83,,,,,,3.46,,,,,,,,,,,,,,,,,,,,,,,,,,,,,,,,,,,,,,,,,,,,,,,,,,,,,,,,,,,,,,,,,,,,,,,,,,,,,,,,,,0.03,0.5,0.5,0.5,,0.03,0.03,,,,,,,0.03,,,0.5,,,0.03,0.5,,0.03,,,,,,0.03,,,,,,,,,,,,,,,,,,,,,,,,,,,,,,,,,,,,,,,,,,,,,,,,,,,,,,,,,,,,,,,,,,,,,,,,,,,,,,,,
5065,1IBIA,59,TRP,PRO,LYS,GLY,ALA,GLY,ILE,VAL,LYS,GLU,ALA,ALA,TYR,VAL,SER,ASP,GLY,CYS,ARG,SER,CYS,HIS,LYS,ASN,CYS,PHE,ARG,CYS,ALA,LYS,CYS,GLY,LYS,SER,LEU,GLU,SER,THR,THR,LEU,THR,8.75,5.41,176.79,54.73,31.96,118.23,2.55,3.32,,,7.3,10.17,130.27,,,,,,,,,,,,,,,,,,,,,,,,,,131.22,7.1,113.65,7.26,7.01,119.51,124.4,121.7,7.46,,,,,,,,,,,,,,,,,,,,,,,,,,,,,,,,,,,,,,,,,,,,,,,,,,,,,,,,,,,,,,,,0.03,0.03,0.5,0.5,0.5,0.25,0.03,0.03,,,0.03,0.03,0.5,,,,,,,,,,,,,,,,,,,,,,,,,,0.25,0.03,0.5,0.03,0.03,0.5,0.5,0.5,0.03,,,,,,,,,,,,,,,,,,,,,,,,,,,,,,,,,,,,,,,,,,,,,,,,,,,,,,,,,,,,,,,
5065,1IBIA,60,HIS,TRP,PRO,LYS,GLY,ALA,GLY,ILE,VAL,LYS,GLU,ALA,ALA,TYR,VAL,SER,ASP,GLY,CYS,ARG,SER,LYS,ASN,CYS,PHE,ARG,CYS,ALA,LYS,CYS,GLY,LYS,SER,LEU,GLU,SER,THR,THR,LEU,THR,GLU,8.9,4.81,178.36,59.03,,119.58,3.6,3.73,,,,7.2,,,,,,,,,7.44,,118.66,,,,,,,,,,,,,,,,,,,,,,,,,,,,,,,,,,,,,,,,,,,,,,,,,,,,,,,,,,,,,,,,,,,,,,,,,,,,,,,,,,,,,,,,0.03,0.03,0.5,0.5,,0.25,0.03,0.03,,,,0.03,,,,,,,,,0.03,,0.5,,,,,,,,,,,,,,,,,,,,,,,,,,,,,,,,,,,,,,,,,,,,,,,,,,,,,,,,,,,,,,,,,,,,,,,,,,,,,,,,,,,,,,,
5065,1IBIA,61,LYS,HIS,TRP,PRO,LYS,GLY,ALA,GLY,ILE,VAL,LYS,GLU,ALA,ALA,TYR,VAL,SER,ASP,GLY,CYS,ARG,ASN,CYS,PHE,ARG,CYS,ALA,LYS,CYS,GLY,LYS,SER,LEU,GLU,SER,THR,THR,LEU,THR,GLU,LYS,9.32,3.95,,,,,1.86,1.96,,,,,,,1.43,,,25.5,2.97,41.98,,29.23,,1.43,,,,,,,,,,,,,,,,,,,,,,,2.97,,,,,,,,,,,,,,,,,,,,,,,,,,,,,,,,,,,,,,,,,,,,,,,,,,,,,,,,,,,,,,,,0.03,0.03,,,,,0.03,0.03,,,,,,,0.03,,,0.5,0.03,0.5,,0.5,,0.03,,,,,,,,,,,,,,,,,,,,,,,0.03,,,,,,,,,,,,,,,,,,,,,,,,,,,,,,,,,,,,,,,,,,,,,,,,,,,,,,,,,,,,,,,
5065,1IBIA,62,ASN,LYS,HIS,TRP,PRO,LYS,GLY,ALA,GLY,ILE,VAL,LYS,GLU,ALA,ALA,TYR,VAL,SER,ASP,GLY,CYS,CYS,PHE,ARG,CYS,ALA,LYS,CYS,GLY,LYS,SER,LEU,GLU,SER,THR,THR,LEU,THR,GLU,LYS,GLU,9.26,4.7,,,,,2.86,2.94,,,,,,,,,,,,,,,,,,,,,,,,,,,,,,,,,,,,,,,,,,,,,,,,,,,,,,,,,,,,,,,,,,,,,,,,,,,,,,,,,,,,,,,,,,,,,,,,,,,,,,,0.03,0.03,,,,,0.03,0.03,,,,,,,,,,,,,,,,,,,,,,,,,,,,,,,,,,,,,,,,,,,,,,,,,,,,,,,,,,,,,,,,,,,,,,,,,,,,,,,,,,,,,,,,,,,,,,,,,,,,,,
5065,1IBIA,63,CYS,ASN,LYS,HIS,TRP,PRO,LYS,GLY,ALA,GLY,ILE,VAL,LYS,GLU,ALA,ALA,TYR,VAL,SER,ASP,GLY,PHE,ARG,CYS,ALA,LYS,CYS,GLY,LYS,SER,LEU,GLU,SER,THR,THR,LEU,THR,GLU,LYS,GLU,GLY,7.7,4.43,,,,,3.33,3.55,,,,,,,,,,,,,,,,,,,,,,,,,,,,,,,,,,,,,,,,,,,,,,,,,,,,,,,,,,,,,,,,,,,,,,,,,,,,,,,,,,,,,,,,,,,,,,,,,,,,,,,0.03,0.03,,,,,0.03,0.03,,,,,,,,,,,,,,,,,,,,,,,,,,,,,,,,,,,,,,,,,,,,,,,,,,,,,,,,,,,,,,,,,,,,,,,,,,,,,,,,,,,,,,,,,,,,,,,,,,,,,,
5065,1IBIA,64,PHE,CYS,ASN,LYS,HIS,TRP,PRO,LYS,GLY,ALA,GLY,ILE,VAL,LYS,GLU,ALA,ALA,TYR,VAL,SER,ASP,ARG,CYS,ALA,LYS,CYS,GLY,LYS,SER,LEU,GLU,SER,THR,THR,LEU,THR,GLU,LYS,GLU,GLY,GLU,7.35,4.13,,,,,2.6,3.31,,,6.38,6.64,132.19,,,,,,6.64,,6.38,,132.19,,,,,,,,,,,,,,,,,,,,,,,,,,,,,,,,,,,,,,,,,,,,,,,,,,,,,,,,,,,,,,,,,,,,,,,,,,,,,,,,,,,,,,,,0.03,0.03,,,,,0.03,0.03,,,0.03,0.03,0.5,,,,,,0.03,,0.03,,0.5,,,,,,,,,,,,,,,,,,,,,,,,,,,,,,,,,,,,,,,,,,,,,,,,,,,,,,,,,,,,,,,,,,,,,,,,,,,,,,,,,,,,,,,
5065,1IBIA,65,ARG,PHE,CYS,ASN,LYS,HIS,TRP,PRO,LYS,GLY,ALA,GLY,ILE,VAL,LYS,GLU,ALA,ALA,TYR,VAL,SER,CYS,ALA,LYS,CYS,GLY,LYS,SER,LEU,GLU,SER,THR,THR,LEU,THR,GLU,LYS,GLU,GLY,GLU,ILE,7.63,4.73,,,,,1.07,1.26,,,,,,,1.21,,,27.43,,,3.2,43.14,,1.13,,,,,,3.09,,,,,,,,,,,,,,,,,,,,,,,,,,,,,,,,,,,,,,,,,,,,,,,,,,,,,,,,,,,,,,,,,,,,,,,,,,,,,,,,,0.03,0.03,,,,,0.03,0.03,,,,,,,0.03,,,0.5,,,0.03,0.5,,0.03,,,,,,0.03,,,,,,,,,,,,,,,,,,,,,,,,,,,,,,,,,,,,,,,,,,,,,,,,,,,,,,,,,,,,,,,,,,,,,,,,,,,,,,,,
5065,1IBIA,66,CYS,ARG,PHE,CYS,ASN,LYS,HIS,TRP,PRO,LYS,GLY,ALA,GLY,ILE,VAL,LYS,GLU,ALA,ALA,TYR,VAL,ALA,LYS,CYS,GLY,LYS,SER,LEU,GLU,SER,THR,THR,LEU,THR,GLU,LYS,GLU,GLY,GLU,ILE,TYR,8.73,3.82,,,,,2.76,3.32,,,,,,,,,,,,,,,,,,,,,,,,,,,,,,,,,,,,,,,,,,,,,,,,,,,,,,,,,,,,,,,,,,,,,,,,,,,,,,,,,,,,,,,,,,,,,,,,,,,,,,,0.03,0.03,,,,,0.03,0.03,,,,,,,,,,,,,,,,,,,,,,,,,,,,,,,,,,,,,,,,,,,,,,,,,,,,,,,,,,,,,,,,,,,,,,,,,,,,,,,,,,,,,,,,,,,,,,,,,,,,,,
5065,1IBIA,67,ALA,CYS,ARG,PHE,CYS,ASN,LYS,HIS,TRP,PRO,LYS,GLY,ALA,GLY,ILE,VAL,LYS,GLU,ALA,ALA,TYR,LYS,CYS,GLY,LYS,SER,LEU,GLU,SER,THR,THR,LEU,THR,GLU,LYS,GLU,GLY,GLU,ILE,TYR,CYS,8.86,3.87,,,,,,,,,,,,,,1.21,,,,,,,,,,,,,,,,,,,,,,,,,,,,,,,,,,,,,,,,,,,,,,,,,,,,,,,,,,,,,,,,,,,,,,,,,,,,,,,,,,,,,,,,,,,,,,,0.03,0.03,,,,,,,,,,,,,,0.03,,,,,,,,,,,,,,,,,,,,,,,,,,,,,,,,,,,,,,,,,,,,,,,,,,,,,,,,,,,,,,,,,,,,,,,,,,,,,,,,,,,,,,,,,,,,,,
5065,1IBIA,68,LYS,ALA,CYS,ARG,PHE,CYS,ASN,LYS,HIS,TRP,PRO,LYS,GLY,ALA,GLY,ILE,VAL,LYS,GLU,ALA,ALA,CYS,GLY,LYS,SER,LEU,GLU,SER,THR,THR,LEU,THR,GLU,LYS,GLU,GLY,GLU,ILE,TYR,CYS,LYS,8.98,4.64,,,,,2.17,2.4,,,,,,,1.52,,,25.05,,41.88,,28.09,,1.52,,,,,,,,,,,,,,,,,,,,,,,,,,,,,,,,,,,,,,,,,,,,,,,,,,,,,,,,,,,,,,,,,,,,,,,,,,,,,,,,,,,,,,,0.03,0.03,,,,,0.03,0.03,,,,,,,0.03,,,0.5,,0.5,,0.5,,0.03,,,,,,,,,,,,,,,,,,,,,,,,,,,,,,,,,,,,,,,,,,,,,,,,,,,,,,,,,,,,,,,,,,,,,,,,,,,,,,,,,,,,,,
5065,1IBIA,69,CYS,LYS,ALA,CYS,ARG,PHE,CYS,ASN,LYS,HIS,TRP,PRO,LYS,GLY,ALA,GLY,ILE,VAL,LYS,GLU,ALA,GLY,LYS,SER,LEU,GLU,SER,THR,THR,LEU,THR,GLU,LYS,GLU,GLY,GLU,ILE,TYR,CYS,LYS,GLY,8.41,4.94,,,,,2.67,3.28,,,,,,,,,,,,,,,,,,,,,,,,,,,,,,,,,,,,,,,,,,,,,,,,,,,,,,,,,,,,,,,,,,,,,,,,,,,,,,,,,,,,,,,,,,,,,,,,,,,,,,,0.03,0.03,,,,,0.03,0.03,,,,,,,,,,,,,,,,,,,,,,,,,,,,,,,,,,,,,,,,,,,,,,,,,,,,,,,,,,,,,,,,,,,,,,,,,,,,,,,,,,,,,,,,,,,,,,,,,,,,,,
5065,1IBIA,70,GLY,CYS,LYS,ALA,CYS,ARG,PHE,CYS,ASN,LYS,HIS,TRP,PRO,LYS,GLY,ALA,GLY,ILE,VAL,LYS,GLU,LYS,SER,LEU,GLU,SER,THR,THR,LEU,THR,GLU,LYS,GLU,GLY,GLU,ILE,TYR,CYS,LYS,GLY,CYS,7.84,,,,,,,,,,,,,,,,,,,,,,,,,,4.19,3.72,,,,,,,,,,,,,,,,,,,,,,,,,,,,,,,,,,,,,,,,,,,,,,,,,,,,,,,,,,,,,,,,,,,,,,,,,,,,,,,,,,,0.03,,,,,,,,,,,,,,,,,,,,,,,,,,0.03,0.03,,,,,,,,,,,,,,,,,,,,,,,,,,,,,,,,,,,,,,,,,,,,,,,,,,,,,,,,,,,,,,,,,,,,,,,,,,,,,,,,,,
5065,1IBIA,71,LYS,GLY,CYS,LYS,ALA,CYS,ARG,PHE,CYS,ASN,LYS,HIS,TRP,PRO,LYS,GLY,ALA,GLY,ILE,VAL,LYS,SER,LEU,GLU,SER,THR,THR,LEU,THR,GLU,LYS,GLU,GLY,GLU,ILE,TYR,CYS,LYS,GLY,CYS,TYR,8.6,4.17,,,,,1.69,1.82,,,,,,,1.41,,,24.62,2.97,41.75,,29.28,,1.41,,,,,,,,,,,,,,,,,,,,,,,2.97,,,,,,,,,,,,,,,,,,,,,,,,,,,,,,,,,,,,,,,,,,,,,,,,,,,,,,,,,,,,,,,,0.03,0.03,,,,,0.03,0.03,,,,,,,0.03,,,0.5,0.03,0.5,,0.5,,0.03,,,,,,,,,,,,,,,,,,,,,,,0.03,,,,,,,,,,,,,,,,,,,,,,,,,,,,,,,,,,,,,,,,,,,,,,,,,,,,,,,,,,,,,,,
5065,1IBIA,72,SER,LYS,GLY,CYS,LYS,ALA,CYS,ARG,PHE,CYS,ASN,LYS,HIS,TRP,PRO,LYS,GLY,ALA,GLY,ILE,VAL,LEU,GLU,SER,THR,THR,LEU,THR,GLU,LYS,GLU,GLY,GLU,ILE,TYR,CYS,LYS,GLY,CYS,TYR,ALA,8.75,4.17,,,,,3.88,3.95,,,,,,,,,,,,,,,,,,,,,,,,,,,,,,,,,,,,,,,,,,,,,,,,,,,,,,,,,,,,,,,,,,,,,,,,,,,,,,,,,,,,,,,,,,,,,,,,,,,,,,,0.03,0.03,,,,,0.03,0.03,,,,,,,,,,,,,,,,,,,,,,,,,,,,,,,,,,,,,,,,,,,,,,,,,,,,,,,,,,,,,,,,,,,,,,,,,,,,,,,,,,,,,,,,,,,,,,,,,,,,,,
5065,1IBIA,73,LEU,SER,LYS,GLY,CYS,LYS,ALA,CYS,ARG,PHE,CYS,ASN,LYS,HIS,TRP,PRO,LYS,GLY,ALA,GLY,ILE,GLU,SER,THR,THR,LEU,THR,GLU,LYS,GLU,GLY,GLU,ILE,TYR,CYS,LYS,GLY,CYS,TYR,ALA,LYS,7.69,4.34,,,,,0.38,0.72,,,-0.07,,25.41,,,,,25.98,,,0.5,,22.04,,,,,,1.24,,,,,,,,,,,,,,,,,,,,,,,,,,,,,,,,,,,,,,,,,,,,,,,,,,,,,,,,,,,,,,,,,,,,,,,,,,,,,,,,,,0.03,0.03,,,,,0.03,0.03,,,0.03,,0.5,,,,,0.5,,,0.03,,0.5,,,,,,0.03,,,,,,,,,,,,,,,,,,,,,,,,,,,,,,,,,,,,,,,,,,,,,,,,,,,,,,,,,,,,,,,,,,,,,,,,,,,,,,,,,
5065,1IBIA,74,GLU,LEU,SER,LYS,GLY,CYS,LYS,ALA,CYS,ARG,PHE,CYS,ASN,LYS,HIS,TRP,PRO,LYS,GLY,ALA,GLY,SER,THR,THR,LEU,THR,GLU,LYS,GLU,GLY,GLU,ILE,TYR,CYS,LYS,GLY,CYS,TYR,ALA,LYS,ASN,7.51,,,,,,,,,,,,,,,,,,,,,,,,,,,,,,,,,,,,,,,,,,,,,,,,,,,,,,,,,,,,,,,,,,,,,,,,,,,,,,,,,,,,,,,,,,,,,,,,,,,,,,,,,,,,,,0.03,,,,,,,,,,,,,,,,,,,,,,,,,,,,,,,,,,,,,,,,,,,,,,,,,,,,,,,,,,,,,,,,,,,,,,,,,,,,,,,,,,,,,,,,,,,,,,,,,,,,,,,,,,,,,
5065,1IBIA,76,THR,SER,GLU,LEU,SER,LYS,GLY,CYS,LYS,ALA,CYS,ARG,PHE,CYS,ASN,LYS,HIS,TRP,PRO,LYS,GLY,THR,LEU,THR,GLU,LYS,GLU,GLY,GLU,ILE,TYR,CYS,LYS,GLY,CYS,TYR,ALA,LYS,ASN,PHE,GLY,,4.46,,,,,,,,,,,,,1.28,4.23,21.54,,,,,,,,,,,,,,,,,,,,,,,,,,,,,,,,,,,,,,,,,,,,,,,,,,,,,,,,,,,,,,,,,,,,,,,,,,,,,,,,,,,,,,,,,,,,,,,0.03,,,,,,,,,,,,,0.03,0.03,0.5,,,,,,,,,,,,,,,,,,,,,,,,,,,,,,,,,,,,,,,,,,,,,,,,,,,,,,,,,,,,,,,,,,,,,,,,,,,,,,,,,,,,,,,,,,,,,
5065,1IBIA,77,THR,THR,SER,GLU,LEU,SER,LYS,GLY,CYS,LYS,ALA,CYS,ARG,PHE,CYS,ASN,LYS,HIS,TRP,PRO,LYS,LEU,THR,GLU,LYS,GLU,GLY,GLU,ILE,TYR,CYS,LYS,GLY,CYS,TYR,ALA,LYS,ASN,PHE,GLY,,7.62,4.54,,,,,,,,,,,,,1.17,4.48,22.13,,,,,,,,,,,,,,,,,,,,,,,,,,,,,,,,,,,,,,,,,,,,,,,,,,,,,,,,,,,,,,,,,,,,,,,,,,,,,,,,,,,,,,,,,,,,,,0.03,0.03,,,,,,,,,,,,,0.03,0.03,0.5,,,,,,,,,,,,,,,,,,,,,,,,,,,,,,,,,,,,,,,,,,,,,,,,,,,,,,,,,,,,,,,,,,,,,,,,,,,,,,,,,,,,,,,,,,,,,
5065,1IBIA,78,LEU,THR,THR,SER,GLU,LEU,SER,LYS,GLY,CYS,LYS,ALA,CYS,ARG,PHE,CYS,ASN,LYS,HIS,TRP,PRO,THR,GLU,LYS,GLU,GLY,GLU,ILE,TYR,CYS,LYS,GLY,CYS,TYR,ALA,LYS,ASN,PHE,GLY,,,7.38,4.61,,,,,1.51,1.51,,,0.69,,25.22,,,,,26.12,,,0.78,,27.77,,,,,,1.64,,,,,,,,,,,,,,,,,,,,,,,,,,,,,,,,,,,,,,,,,,,,,,,,,,,,,,,,,,,,,,,,,,,,,,,,,,,,,,,,,,0.03,0.03,,,,,0.03,0.03,,,0.03,,0.5,,,,,0.5,,,0.03,,0.5,,,,,,0.03,,,,,,,,,,,,,,,,,,,,,,,,,,,,,,,,,,,,,,,,,,,,,,,,,,,,,,,,,,,,,,,,,,,,,,,,,,,,,,,,,
5065,1IBIA,79,THR,LEU,THR,THR,SER,GLU,LEU,SER,LYS,GLY,CYS,LYS,ALA,CYS,ARG,PHE,CYS,ASN,LYS,HIS,TRP,GLU,LYS,GLU,GLY,GLU,ILE,TYR,CYS,LYS,GLY,CYS,TYR,ALA,LYS,ASN,PHE,GLY,,,,8.72,4.37,,,,,,,,,,,,,0.58,3.45,21.95,,,,,,,,,,,,,,,,,,,,,,,,,,,,,,,,,,,,,,,,,,,,,,,,,,,,,,,,,,,,,,,,,,,,,,,,,,,,,,,,,,,,,,,,,,,,,,0.03,0.03,,,,,,,,,,,,,0.03,0.03,0.5,,,,,,,,,,,,,,,,,,,,,,,,,,,,,,,,,,,,,,,,,,,,,,,,,,,,,,,,,,,,,,,,,,,,,,,,,,,,,,,,,,,,,,,,,,,,,
5065,1IBIA,80,GLU,THR,LEU,THR,THR,SER,GLU,LEU,SER,LYS,GLY,CYS,LYS,ALA,CYS,ARG,PHE,CYS,ASN,LYS,HIS,LYS,GLU,GLY,GLU,ILE,TYR,CYS,LYS,GLY,CYS,TYR,ALA,LYS,ASN,PHE,GLY,,,,,8.5,5.46,,,,,1.86,2.02,,,,,,,2.18,,,35.83,,,,,,2.18,,,,,,,,,,,,,,,,,,,,,,,,,,,,,,,,,,,,,,,,,,,,,,,,,,,,,,,,,,,,,,,,,,,,,,,,,,,,,,,,,,,,,,,0.03,0.03,,,,,0.03,0.03,,,,,,,0.03,,,0.5,,,,,,0.03,,,,,,,,,,,,,,,,,,,,,,,,,,,,,,,,,,,,,,,,,,,,,,,,,,,,,,,,,,,,,,,,,,,,,,,,,,,,,,,,,,,,,,
5065,1IBIA,81,LYS,GLU,THR,LEU,THR,THR,SER,GLU,LEU,SER,LYS,GLY,CYS,LYS,ALA,CYS,ARG,PHE,CYS,ASN,LYS,GLU,GLY,GLU,ILE,TYR,CYS,LYS,GLY,CYS,TYR,ALA,LYS,ASN,PHE,GLY,,,,,,9.02,4.4,,,,,,,,,,,,,,,,,,,,,,,,,,,,,,,,,,,,,,,,,,,,,,,,,,,,,,,,,,,,,,,,,,,,,,,,,,,,,,,,,,,,,,,,,,,,,,,,,,,,,,,,,,,,,0.03,0.03,,,,,,,,,,,,,,,,,,,,,,,,,,,,,,,,,,,,,,,,,,,,,,,,,,,,,,,,,,,,,,,,,,,,,,,,,,,,,,,,,,,,,,,,,,,,,,,,,,,,,,,,,,,,
5065,1IBIA,82,GLU,LYS,GLU,THR,LEU,THR,THR,SER,GLU,LEU,SER,LYS,GLY,CYS,LYS,ALA,CYS,ARG,PHE,CYS,ASN,GLY,GLU,ILE,TYR,CYS,LYS,GLY,CYS,TYR,ALA,LYS,ASN,PHE,GLY,,,,,,,,4.76,,,,,,2.23,,,,,,,,,,36.71,,,,,,,,,,,,,,,,,,,,,,,,,,,,,,,,,,,,,,,,,,,,,,,,,,,,,,,,,,,,,,,,,,,,,,,,,,,,,,,,,,,,,,,,,,,,,,0.03,,,,,,0.03,,,,,,,,,,0.5,,,,,,,,,,,,,,,,,,,,,,,,,,,,,,,,,,,,,,,,,,,,,,,,,,,,,,,,,,,,,,,,,,,,,,,,,,,,,,,,,,,,,,,,,,,,
5065,1IBIA,83,GLY,GLU,LYS,GLU,THR,LEU,THR,THR,SER,GLU,LEU,SER,LYS,GLY,CYS,LYS,ALA,CYS,ARG,PHE,CYS,GLU,ILE,TYR,CYS,LYS,GLY,CYS,TYR,ALA,LYS,ASN,PHE,GLY,,,,,,,,9.09,,,,,,,,,,,,,,,,,,,,,,,,,,4.25,3.77,,,,,,,,,,,,,,,,,,,,,,,,,,,,,,,,,,,,,,,,,,,,,,,,,,,,,,,,,,,,,,,,,,,,,,,,,,,,,,,,,,,0.03,,,,,,,,,,,,,,,,,,,,,,,,,,0.03,0.03,,,,,,,,,,,,,,,,,,,,,,,,,,,,,,,,,,,,,,,,,,,,,,,,,,,,,,,,,,,,,,,,,,,,,,,,,,,,,,,,,,
5065,1IBIA,84,GLU,GLY,GLU,LYS,GLU,THR,LEU,THR,THR,SER,GLU,LEU,SER,LYS,GLY,CYS,LYS,ALA,CYS,ARG,PHE,ILE,TYR,CYS,LYS,GLY,CYS,TYR,ALA,LYS,ASN,PHE,GLY,,,,,,,,,7.95,5.07,,,,,1.9,1.96,,,,,,,2.34,,,36.52,,,,,,2.2,,,,,,,,,,,,,,,,,,,,,,,,,,,,,,,,,,,,,,,,,,,,,,,,,,,,,,,,,,,,,,,,,,,,,,,,,,,,,,,,,,,,,,,0.03,0.03,,,,,0.03,0.03,,,,,,,0.03,,,0.5,,,,,,0.03,,,,,,,,,,,,,,,,,,,,,,,,,,,,,,,,,,,,,,,,,,,,,,,,,,,,,,,,,,,,,,,,,,,,,,,,,,,,,,,,,,,,,,
5065,1IBIA,85,ILE,GLU,GLY,GLU,LYS,GLU,THR,LEU,THR,THR,SER,GLU,LEU,SER,LYS,GLY,CYS,LYS,ALA,CYS,ARG,TYR,CYS,LYS,GLY,CYS,TYR,ALA,LYS,ASN,PHE,GLY,,,,,,,,,,8.84,4.95,,,,,,,,,-0.77,,12.77,,0.53,1.14,18.15,,,,,,,,0.51,0.99,,,,,,,,,23.64,,,,,,,,,,,,,,,,,,,,,,,,,,,,,,,,,,,,,,,,,,,,,,,,,,,,,,,,,,,,,,,,,,,,,,,,,,,,0.03,0.03,,,,,,,,,0.03,,0.5,,0.03,0.03,0.5,,,,,,,,0.03,0.03,,,,,,,,,0.5,,,,,,,,,,,,,,,,,,,,,,,,,,,,,,,,,,,,,,,,,,,,,,,,,,,,,,,,,,,,,,,,,,,,,,,,,,,
5065,1IBIA,86,TYR,ILE,GLU,GLY,GLU,LYS,GLU,THR,LEU,THR,THR,SER,GLU,LEU,SER,LYS,GLY,CYS,LYS,ALA,CYS,CYS,LYS,GLY,CYS,TYR,ALA,LYS,ASN,PHE,GLY,,,,,,,,,,,8.23,5.66,,,,,2.82,3.36,,,7.08,6.84,133.01,,,,,,6.84,,7.08,,133.01,,,,,,,,,,,,,,,,,,,,,,,,,,,,,,,,,,,,,,,,,,,,,,,,,,,,,,,,,,,,,,,,,,,,,,,,,,,,,,,,,,,,,,,,0.03,0.03,,,,,0.03,0.03,,,0.03,0.03,0.5,,,,,,0.03,,0.03,,0.5,,,,,,,,,,,,,,,,,,,,,,,,,,,,,,,,,,,,,,,,,,,,,,,,,,,,,,,,,,,,,,,,,,,,,,,,,,,,,,,,,,,,,,,
5065,1IBIA,87,CYS,TYR,ILE,GLU,GLY,GLU,LYS,GLU,THR,LEU,THR,THR,SER,GLU,LEU,SER,LYS,GLY,CYS,LYS,ALA,LYS,GLY,CYS,TYR,ALA,LYS,ASN,PHE,GLY,,,,,,,,,,,,9.69,5.03,,,,,2.79,3.48,,,,,,,,,,,,,,,,,,,,,,,,,,,,,,,,,,,,,,,,,,,,,,,,,,,,,,,,,,,,,,,,,,,,,,,,,,,,,,,,,,,,,,,,,,,,,,,,,,,,,,,0.03,0.03,,,,,0.03,0.03,,,,,,,,,,,,,,,,,,,,,,,,,,,,,,,,,,,,,,,,,,,,,,,,,,,,,,,,,,,,,,,,,,,,,,,,,,,,,,,,,,,,,,,,,,,,,,,,,,,,,,
5065,1IBIA,88,LYS,CYS,TYR,ILE,GLU,GLY,GLU,LYS,GLU,THR,LEU,THR,THR,SER,GLU,LEU,SER,LYS,GLY,CYS,LYS,GLY,CYS,TYR,ALA,LYS,ASN,PHE,GLY,,,,,,,,,,,,,8.58,3.96,,,,,1.85,1.85,,,,,,,1.44,,,25.16,3.01,41.88,1.68,29.08,,1.44,,,,,,1.68,,,,,,,,,,,,,,,,,3.01,,,,,,,,,,,,,,,,,,,,,,,,,,,,,,,,,,,,,,,,,,,,,,,,,,,,,,,,,,,,,,,,0.03,0.03,,,,,0.03,0.03,,,,,,,0.03,,,0.5,0.03,0.5,0.03,0.5,,0.03,,,,,,0.03,,,,,,,,,,,,,,,,,0.03,,,,,,,,,,,,,,,,,,,,,,,,,,,,,,,,,,,,,,,,,,,,,,,,,,,,,,,,,,,,,,,
5065,1IBIA,89,GLY,LYS,CYS,TYR,ILE,GLU,GLY,GLU,LYS,GLU,THR,LEU,THR,THR,SER,GLU,LEU,SER,LYS,GLY,CYS,CYS,TYR,ALA,LYS,ASN,PHE,GLY,,,,,,,,,,,,,,8.5,,,,,,,,,,,,,,,,,,,,,,,,,,4.05,3.9,,,,,,,,,,,,,,,,,,,,,,,,,,,,,,,,,,,,,,,,,,,,,,,,,,,,,,,,,,,,,,,,,,,,,,,,,,,,,,,,,,,0.03,,,,,,,,,,,,,,,,,,,,,,,,,,0.03,0.03,,,,,,,,,,,,,,,,,,,,,,,,,,,,,,,,,,,,,,,,,,,,,,,,,,,,,,,,,,,,,,,,,,,,,,,,,,,,,,,,,,
5065,1IBIA,90,CYS,GLY,LYS,CYS,TYR,ILE,GLU,GLY,GLU,LYS,GLU,THR,LEU,THR,THR,SER,GLU,LEU,SER,LYS,GLY,TYR,ALA,LYS,ASN,PHE,GLY,,,,,,,,,,,,,,,9.18,3.94,,,,,2.77,3.2,,,,,,,,,,,,,,,,,,,,,,,,,,,,,,,,,,,,,,,,,,,,,,,,,,,,,,,,,,,,,,,,,,,,,,,,,,,,,,,,,,,,,,,,,,,,,,,,,,,,,,,0.03,0.03,,,,,0.03,0.03,,,,,,,,,,,,,,,,,,,,,,,,,,,,,,,,,,,,,,,,,,,,,,,,,,,,,,,,,,,,,,,,,,,,,,,,,,,,,,,,,,,,,,,,,,,,,,,,,,,,,,
5065,1IBIA,91,TYR,CYS,GLY,LYS,CYS,TYR,ILE,GLU,GLY,GLU,LYS,GLU,THR,LEU,THR,THR,SER,GLU,LEU,SER,LYS,ALA,LYS,ASN,PHE,GLY,,,,,,,,,,,,,,,,8.83,3.74,,,,,3.13,3.13,,,6.83,6.84,133.11,,,,,,6.84,,6.83,,133.11,,,,,,,,,,,,,,,,,,,,,,,,,,,,,,,,,,,,,,,,,,,,,,,,,,,,,,,,,,,,,,,,,,,,,,,,,,,,,,,,,,,,,,,,0.03,0.03,,,,,0.03,0.03,,,0.03,0.03,0.5,,,,,,0.03,,0.03,,0.5,,,,,,,,,,,,,,,,,,,,,,,,,,,,,,,,,,,,,,,,,,,,,,,,,,,,,,,,,,,,,,,,,,,,,,,,,,,,,,,,,,,,,,,
5065,1IBIA,92,ALA,TYR,CYS,GLY,LYS,CYS,TYR,ILE,GLU,GLY,GLU,LYS,GLU,THR,LEU,THR,THR,SER,GLU,LEU,SER,LYS,ASN,PHE,GLY,,,,,,,,,,,,,,,,,8.02,4.06,,,,,,,,,,,,,,1.56,,,,,,,,,,,,,,,,,,,,,,,,,,,,,,,,,,,,,,,,,,,,,,,,,,,,,,,,,,,,,,,,,,,,,,,,,,,,,,,,,,,,,,,,,,,,,,,0.03,0.03,,,,,,,,,,,,,,0.03,,,,,,,,,,,,,,,,,,,,,,,,,,,,,,,,,,,,,,,,,,,,,,,,,,,,,,,,,,,,,,,,,,,,,,,,,,,,,,,,,,,,,,,,,,,,,,
5065,1IBIA,93,LYS,ALA,TYR,CYS,GLY,LYS,CYS,TYR,ILE,GLU,GLY,GLU,LYS,GLU,THR,LEU,THR,THR,SER,GLU,LEU,ASN,PHE,GLY,,,,,,,,,,,,,,,,,,7.51,3.95,,,,,1.74,1.74,,,,,,,1.45,,,25.0,2.93,42.02,1.7,28.99,,1.45,,,,,,1.62,,,,,,,,,,,,,,,,,2.93,,,,,,,,,,,,,,,,,,,,,,,,,,,,,,,,,,,,,,,,,,,,,,,,,,,,,,,,,,,,,,,,0.03,0.03,,,,,0.03,0.03,,,,,,,0.03,,,0.5,0.03,0.5,0.03,0.5,,0.03,,,,,,0.03,,,,,,,,,,,,,,,,,0.03,,,,,,,,,,,,,,,,,,,,,,,,,,,,,,,,,,,,,,,,,,,,,,,,,,,,,,,,,,,,,,,
5065,1IBIA,94,ASN,LYS,ALA,TYR,CYS,GLY,LYS,CYS,TYR,ILE,GLU,GLY,GLU,LYS,GLU,THR,LEU,THR,THR,SER,GLU,PHE,GLY,,,,,,,,,,,,,,,,,,,7.43,3.89,,,,,2.68,2.8,,,,,,,,,,,,,,,,,,,,,,,,,,,,,,,,,,,,,,,,,,,,,,,,,,,,,,,,,,,,,,,,,,,,,,,,,,,,,,,,,,,,,,,,,,,,,,,,,,,,,,,0.03,0.03,,,,,0.03,0.03,,,,,,,,,,,,,,,,,,,,,,,,,,,,,,,,,,,,,,,,,,,,,,,,,,,,,,,,,,,,,,,,,,,,,,,,,,,,,,,,,,,,,,,,,,,,,,,,,,,,,,
5065,1IBIA,95,PHE,ASN,LYS,ALA,TYR,CYS,GLY,LYS,CYS,TYR,ILE,GLU,GLY,GLU,LYS,GLU,THR,LEU,THR,THR,SER,GLY,,,,,,,,,,,,,,,,,,,,8.05,,,,,,,,,,,,,,,,,,,,,,,,,,,,,,,,,,,,,,,,,,,,,,,,,,,,,,,,,,,,,,,,,,,,,,,,,,,,,,,,,,,,,,,,,,,,,,,,,,,,,,,,,,,,,,0.03,,,,,,,,,,,,,,,,,,,,,,,,,,,,,,,,,,,,,,,,,,,,,,,,,,,,,,,,,,,,,,,,,,,,,,,,,,,,,,,,,,,,,,,,,,,,,,,,,,,,,,,,,,,,,
5065,1IBIA,96,GLY,PHE,ASN,LYS,ALA,TYR,CYS,GLY,LYS,CYS,TYR,ILE,GLU,GLY,GLU,LYS,GLU,THR,LEU,THR,THR,,,,,,,,,,,,,,,,,,,,,7.56,,,,,,,,,,,,,,,,,,,,,,,,,,,,,,,,,,,,,,,,,,,,,,,,,,,,,,,,,,,,,,,,,,,,,,,,,,,,,,,,,,,,,,,,,,,,,,,,,,,,,,,,,,,,,,0.03,,,,,,,,,,,,,,,,,,,,,,,,,,,,,,,,,,,,,,,,,,,,,,,,,,,,,,,,,,,,,,,,,,,,,,,,,,,,,,,,,,,,,,,,,,,,,,,,,,,,,,,,,,,,,
